geneset,C1_AD1,C1_AD2,C1_AD3,C1_BM1,C1_BM2,C1_BM3,C1_PM1,C1_PM2,C1_PM3,C1_UC1,C1_UC2,C1_UC3,C2_AD1,C2_AD2,C2_AD3,C2_BM1,C2_BM2,C2_BM3,C2_PM1,C2_PM2,C2_PM3,C2_UC1,C2_UC2,C2_UC3,C3_AD1,C3_AD2,C3_AD3,C3_BM1,C3_BM2,C3_BM3,C3_PM1,C3_PM2,C3_PM3,C3_UC1,C3_UC2,C3_UC3,C4_AD1,C4_AD2,C4_AD3,C4_BM1,C4_BM2,C4_BM3,C4_PM1,C4_PM2,C4_PM3,C4_UC1,C4_UC2,C4_UC3,C5_AD1,C5_AD2,C5_AD3,C5_BM1,C5_BM2,C5_BM3,C5_PM1,C5_PM2,C5_PM3,C5_UC1,C5_UC2,C5_UC3,C6_AD1,C6_AD2,C6_AD3,C6_BM1,C6_BM2,C6_BM3,C6_PM1,C6_PM2,C6_PM3,C6_UC1,C6_UC2,C6_UC3,C7_AD1,C7_AD2,C7_AD3,C7_BM1,C7_BM2,C7_BM3,C7_PM1,C7_PM2,C7_PM3,C7_UC1,C7_UC2,C7_UC3
KEGG_DNA_REPLICATION,0.766191563,0.712795168,0.755712773,0.110180414,0.570821213,0.529386496,0.736117614,0.688390372,0.822187474,0.817749903,0.690413064,0.86946469,0.280305665,0.380055508,0.27207776,-0.535529064,0.009849662,-0.140317759,0.572496749,0.179201129,0.492858656,0.601315642,0.553279657,0.694277307,0.271412479,0.326397105,-0.190105406,-0.526177523,-0.02898204,-0.324466029,0.567912008,0.380848871,0.566203909,0.543309275,0.589769315,0.664779189,-0.265919106,0.047345704,-0.415387238,-0.72011573,-0.520884897,-0.406689675,0.450737103,-0.339181336,-0.184283685,0.0496095,0.498371888,0.233498227,-0.66743262,-0.446350763,-0.632329342,-0.654311332,-0.776635938,-0.444021223,0.25807491,-0.366174032,-0.376734426,-0.201769175,0.353142311,-0.305473844,-0.682073873,-0.645036051,-0.629274533,-0.743849196,-0.838939106,-0.232350003,0.037793344,-0.709104293,-0.573863887,-0.384694406,-0.191844471,-0.407540387,-0.470163936,-0.549643359,-0.471096839,-0.546636564,-0.643856234,-0.503992173,-0.58388756,-0.747292307,-0.577569997,-0.525387832,-0.621497887,-0.529691783
GO_MAINTENANCE_OF_DNA_METHYLATION,0.765606405,0.683936751,0.735573455,0.035221359,0.658057583,0.680513707,0.722899899,0.756806922,0.786611988,0.803047315,0.739853664,0.857477957,0.552500359,0.48841063,0.136633659,-0.283437755,0.028623617,0.163967713,0.734436778,0.443719869,0.592935098,0.739203848,0.715946828,0.858597715,0.461216393,0.39526384,-0.124376433,-0.636011554,0.165137802,-0.18512884,0.733343951,0.055824954,0.646355363,0.532233725,0.671884345,0.718627948,-0.195058511,0.103704992,-0.498326701,-0.900178166,-0.16804623,-0.24718117,0.284633032,-0.198720779,-0.293897901,-0.301076961,0.542029233,0.326847778,-0.68339825,-0.679378351,-0.735109954,-0.936109613,-0.847975793,-0.674502875,-0.331810625,-0.840359717,-0.745399822,-0.115984514,-0.419784296,-0.612708483,-0.662055981,-0.60772706,-0.79181299,-0.868670662,-0.738239059,-0.053501272,0.403518622,-0.75295189,-0.550080368,-0.312878968,-0.245358067,-0.3665491,-0.601046418,-0.405283648,-0.350756191,-0.225213581,-0.428759707,-0.262751372,-0.326476287,-0.808978932,-0.739995964,-0.594491733,-0.513675397,-0.478100842
REACTOME_G1_S_SPECIFIC_TRANSCRIPTION,0.569618485,0.517006505,0.5841455,0.366166651,0.621432317,0.466318341,0.735272672,0.728477487,0.767032805,0.682879476,0.723423881,0.909326612,0.351182989,0.138890852,0.147865144,-0.224270529,0.185817756,-0.169541142,0.497923425,0.435560232,0.484633028,0.589567938,0.608243759,0.608301264,0.051329111,-0.184192437,-0.183072294,-0.396670667,-0.207668488,-0.068107649,0.55272228,0.371660893,0.478277617,0.50565032,0.648489235,0.777838715,-0.50770472,-0.330230586,-0.638397888,-0.655536503,-0.601534989,-0.289791716,0.269523946,-0.229620326,-0.164550522,-0.055371906,0.506127165,0.108414577,-0.700641698,-0.597993884,-0.65158544,-0.707835518,-0.619351114,-0.317600581,0.301141861,-0.270442378,-0.433965634,-0.023735675,0.455884368,-0.140383049,-0.656314297,-0.47021889,-0.703653866,-0.719993432,-0.729991432,-0.086445442,0.246114052,-0.370359573,-0.238522859,0.067111842,0.059576949,-0.105353984,-0.658338955,-0.657821797,-0.578405739,-0.580294267,-0.557089809,-0.412272084,-0.2205008,-0.637106045,-0.545906135,-0.524318951,-0.382292524,-0.44992045
REACTOME_PRC2_METHYLATES_HISTONES_AND_DNA,0.33079205,0.338260265,0.102307757,-0.340118672,0.413374547,0.396712242,0.788462089,0.623726693,0.660090991,0.772132322,0.691828272,0.660196984,0.112872561,0.15683509,-0.018763745,-0.380141228,-0.034131474,0.192295156,0.674684823,0.374539374,0.460213654,0.704761466,0.613257751,0.626186747,-0.141654945,-0.279537751,-0.480171229,-0.499301368,-0.27426031,-0.311472988,0.613223535,0.382732093,0.290547811,0.626197779,0.509971251,0.622896659,-0.420282858,-0.210611722,-0.487652317,-0.69411051,-0.118373478,-0.394211373,0.33031992,-0.035142829,0.023327829,-0.086425613,0.422750007,0.279659616,-0.665824543,-0.688264149,-0.576130423,-0.468197329,-0.56273292,-0.582438793,-0.351549292,-0.294207645,-0.35974498,-0.271116422,-0.257803678,-0.48098078,-0.672671235,-0.631053373,-0.645735972,-0.546883679,-0.662666147,-0.203358424,-0.225276458,-0.64929098,-0.524399174,-0.224056281,-0.420681758,-0.375267668,-0.340835138,-0.413243047,-0.317396361,-0.121357232,-0.253357754,-0.27340342,-0.565269656,-0.361469861,-0.289478687,-0.196938698,-0.639011081,-0.252393725
GO_RRNA_3_END_PROCESSING,0.169626427,0.364603267,0.054588387,-0.709841427,-0.242883324,-0.391861278,0.693952606,0.662132314,0.609302111,0.764664982,0.693173306,0.79090624,-0.031615428,-0.23690941,-0.226396929,-0.730473852,-0.628320795,-0.555839085,0.591005133,0.245708678,0.033654589,0.581664102,0.51627196,0.612330812,0.297616224,-0.214268728,-0.156680275,-0.562060163,-0.59103901,-0.460108874,0.582422719,0.485427059,0.494209186,0.666581888,0.726806097,0.778164926,0.127318046,-0.02914186,-0.377760487,-0.719068443,-0.551748877,-0.567558952,0.278900642,-0.013070631,0.08903593,0.482923619,0.63396293,0.585566815,-0.08030894,-0.013875943,-0.317388996,-0.574999464,-0.652662204,-0.54414129,-0.118126563,0.511936984,0.346000412,0.418077332,0.442372383,0.48182235,-0.648977274,-0.531693005,-0.633911599,-0.772166007,-0.787762238,-0.633449132,-0.595835162,-0.605685285,-0.537104625,-0.28022354,-0.388875915,-0.319470356,-0.294168055,-0.390025441,-0.154864368,-0.530036819,-0.492062359,-0.571669903,-0.518050523,-0.344136955,-0.386837312,-0.394579144,-0.474010083,0.053684618
GO_POSITIVE_REGULATION_OF_HISTONE_H3_K9_ACETYLATION,0.395966391,0.515609283,0.309742135,0.263885254,0.149568344,0.034164804,0.438806918,0.465558321,0.518639867,0.336991973,0.074804525,0.39555599,0.173766649,0.456482587,0.195139787,-0.140620906,0.330326765,0.155418255,0.331298216,0.298863028,0.688348524,0.500205916,0.078877328,0.414548704,-0.01499598,0.412490644,0.210331132,0.293371496,0.078023821,0.043126807,0.191917083,0.158372291,0.447820231,0.462573186,0.199137993,0.355257914,-0.297469582,0.363649893,-0.26980642,-0.002041896,-0.26502475,-0.199048943,-0.001322324,-0.253463362,-0.233393764,0.30726047,0.02542082,0.072402025,-0.306693451,0.326274375,-0.376588333,-0.322793142,-0.552553557,0.070723877,0.348613468,-0.269794051,-0.164665646,-0.033850111,0.088160449,-0.094860717,-0.381551121,0.204373092,-0.237671455,-0.32460919,-0.292381798,-0.059702759,0.154581601,-0.229574503,0.080717666,0.151528485,-0.023450034,0.089503765,-0.294791119,0.270469715,-0.284511784,-0.235475636,-0.375590574,-0.2955128,-0.37353463,-0.537160545,-0.249925947,-0.289908837,-0.366360924,-0.284643738
GO_POSITIVE_REGULATION_OF_HISTONE_H3_K27_METHYLATION,0.502122684,-0.148508131,-0.355393781,-0.438021585,0.126298989,0.072221208,0.524237386,0.431506122,0.714812288,0.44047451,0.614436401,0.665954203,0.040353849,-0.138303861,-0.046458523,-0.486214295,-0.148053005,-0.37271614,0.276006584,0.621039433,0.612012863,0.236910785,0.471770181,0.491477546,-0.020622873,-0.358307457,-0.489620708,-0.447495092,0.179498,-0.512598135,0.202258086,-0.003024526,0.486574262,0.395245258,0.566499064,0.60101901,0.095138294,-0.05499852,-0.33683771,-0.378210728,0.049021186,-0.512587736,0.40624234,0.212496721,0.396742994,-0.010232577,0.460144388,0.366015624,-0.491423612,-0.413922162,-0.245378213,-0.110471912,-0.697775228,-0.598260405,-0.34953672,0.022266915,-0.090350585,0.202317368,-0.140195465,-0.34232158,-0.284106718,-0.68271033,-0.536266624,-0.313452851,-0.568083916,-0.573003788,-0.322420776,-0.764457271,-0.151597925,-0.292338313,-0.091595985,0.279454027,-0.030089135,-0.220794086,-0.228271948,0.044959715,-0.122933854,-0.511864388,-0.472589715,0.232485343,0.200480857,0.228427029,-0.286331957,0.164230297
REACTOME_G2_M_DNA_REPLICATION_CHECKPOINT,0.569353483,0.090754371,0.099225406,0.111210953,0.084303415,0.676487741,0.492634398,0.622125234,0.58770278,0.47601455,0.767312925,0.593514989,0.963826621,0.829436845,0.758242524,0.674083855,0.735550382,0.799783225,0.945127707,0.881894577,0.881968871,1.028992896,0.796965677,0.925860932,0.498394815,0.23209636,0.592657682,0.309583834,0.51510294,0.731069796,0.963301875,0.742609321,0.599122892,0.830671254,0.827253439,0.739570275,-0.595852345,-0.742501186,-0.791248014,-0.791631894,-0.673887557,0.073324822,-0.203725029,-0.604831522,-0.684404128,-0.400504402,0.440028615,-0.578745845,-0.707094888,-0.720053693,-0.865391394,-0.852655296,-0.805568238,-0.325056433,0.048199229,-0.406835955,-0.697803999,-0.600074831,0.697565521,-0.669002398,-0.802324986,-0.865672692,-0.978425475,-0.873929509,-0.936631966,0.429083198,-0.438273526,-0.611458127,-0.62611236,-0.442398886,0.020361212,-0.639803725,-0.622182481,-0.991056389,-0.893021749,-0.744985434,-0.857162104,-0.727193671,-0.835859864,-0.940637906,-0.863244431,-0.641141104,-0.768302504,-0.789400517
GO_MITOTIC_SPINDLE_MIDZONE_ASSEMBLY,0.414464542,0.317626178,0.316420254,0.684821159,0.432301834,0.613854334,0.485150147,0.699760086,0.380535474,0.562751899,0.249765232,0.209227966,0.567466598,0.441464124,0.461866713,0.798827574,0.833470193,0.700593488,0.67678563,0.43935889,0.395293758,0.498443398,0.693167095,0.738072492,0.38963324,0.55992622,0.643554859,0.680821891,0.726862033,0.627607307,0.673223184,0.612878503,0.764046941,0.822415984,0.704447394,0.718301937,-0.699301946,-0.526226703,-0.697265187,-0.608573021,-0.659214504,0.150968135,-0.084512306,-0.58355779,-0.546649175,-0.232485819,-0.059394416,-0.381324308,-0.69427392,-0.463477259,-0.657609291,-0.70238887,-0.497183578,-0.060301906,0.434635507,-0.220926124,-0.480821429,-0.257594407,0.171848585,-0.292783313,-0.701764092,-0.711486854,-0.67162959,-0.632986264,-0.454082767,0.301355359,0.034653639,-0.323149239,-0.329333959,-0.321280996,0.405207989,-0.130687263,-0.652605417,-0.674288033,-0.812876312,-0.648723049,-0.576355107,-0.317138976,-0.419455915,-0.711536355,-0.712851768,-0.652931344,-0.411988601,-0.515209514
GO_SISTER_CHROMATID_SEGREGATION,0.231545966,0.383225988,0.366306509,-0.20401664,0.287979046,0.274139204,0.512765762,0.395968632,0.45692488,0.480895862,0.407572737,0.483663592,0.370063767,0.429284406,0.317414885,-0.008656685,0.28743009,0.245716657,0.587836207,0.391185446,0.436216492,0.569020603,0.489969588,0.558849368,0.362098657,0.380945449,0.268010166,-0.063058358,0.341140955,0.133884998,0.605996878,0.381668255,0.458684629,0.54756434,0.487662546,0.539625616,-0.314047273,-0.110880619,-0.367027426,-0.505988953,-0.33694739,-0.254994543,0.16896842,-0.359211868,-0.274577999,-0.067269064,0.121149645,-0.059066901,-0.496649479,-0.414995177,-0.481706426,-0.468866704,-0.54351369,-0.430247563,-0.156410283,-0.390522782,-0.462253199,-0.298494888,-0.187781061,-0.371153935,-0.544675176,-0.499774808,-0.554506611,-0.545725639,-0.551890677,-0.120268539,-0.209848419,-0.560331932,-0.483217426,-0.405383587,-0.354019243,-0.453840086,-0.367201675,-0.41070108,-0.353052028,-0.326410692,-0.380078024,-0.307032581,-0.434363966,-0.49887954,-0.48885109,-0.397855315,-0.563821228,-0.455806976
GO_REGULATION_OF_STEM_CELL_PROLIFERATION,-0.195005228,-0.012802416,-0.08067777,0.048870599,0.179266279,0.043985576,0.213095895,-0.219217074,0.118900421,0.017998481,0.216524861,0.079774966,-0.097290819,0.065260502,-0.016143657,0.012683971,0.046286199,0.063894558,0.237918003,-0.062368277,-0.019552059,0.060131607,0.221115396,0.150298648,-0.244120178,0.026703502,-0.07689892,0.059712738,0.013648879,0.139508506,0.270083851,-0.216176512,0.011517387,-0.0212376,0.150495632,0.026368114,-0.101966587,-0.010502766,-0.138175787,0.012874146,-0.00189436,0.116459674,0.162327082,-0.326747395,-0.084176516,-0.077897402,0.07558935,-0.12771624,-0.162494433,-0.121443682,-0.160784883,0.022429405,0.028631534,0.025163678,-0.00635757,-0.216110755,-0.198386186,-0.158811885,-0.0159351,-0.177868398,-0.178340571,-0.002830449,-0.078388731,0.108067724,0.17645392,0.07386874,0.02239721,-0.151239782,-0.012843842,-0.007527156,0.084629622,0.004851391,-0.300322814,-0.007013312,-0.109603064,0.005593002,-0.011581048,-0.026168195,0.064618196,-0.258092971,0.020985152,-0.213812567,-0.097032675,-0.01457546
GO_DNA_CONFORMATION_CHANGE,0.21596557,0.36100799,0.367205806,-0.298202967,0.264301971,0.222158154,0.609689677,0.379872531,0.447910134,0.598572551,0.462493414,0.545759077,0.039061516,0.241779806,0.1144022,-0.345447449,0.015114136,0.080940864,0.540482814,0.244127896,0.318237313,0.532660602,0.448476251,0.515264683,0.097111864,0.195278686,-0.074591519,-0.364089631,0.136178888,-0.131996831,0.560755023,0.274034176,0.367644923,0.547888456,0.45285424,0.535820341,-0.283284549,0.110692463,-0.225687796,-0.508832241,-0.139420611,-0.253983612,0.344332811,-0.226188476,-0.100702851,0.284612849,0.259170702,0.218024351,-0.499068295,-0.377042786,-0.433922823,-0.456149088,-0.519246557,-0.443064087,-0.149778671,-0.340708657,-0.391275511,-0.04304215,-0.080607005,-0.307952357,-0.519713718,-0.52269187,-0.521256664,-0.548461597,-0.533953496,-0.167514759,-0.198148817,-0.578798012,-0.483104139,-0.275263022,-0.416303545,-0.371277595,-0.348571656,-0.297257071,-0.186394867,-0.285215982,-0.2328006,-0.292824929,-0.360379902,-0.473473713,-0.411206452,-0.300546217,-0.519952971,-0.349673273
GO_MITOTIC_NUCLEAR_DIVISION,0.151707058,0.301233804,0.272112246,-0.218120291,0.224559636,0.196345428,0.450693102,0.344716996,0.412153078,0.431597399,0.388235375,0.447439553,0.385369639,0.36111213,0.344022141,-0.00725421,0.269214228,0.195535587,0.530848166,0.384265582,0.412260773,0.532530547,0.493195668,0.531110433,0.289974505,0.334690949,0.188483168,-0.058688624,0.293064035,0.07817566,0.536664912,0.337101015,0.434924308,0.493653021,0.461540531,0.510334395,-0.300297916,-0.16384504,-0.357072804,-0.456448695,-0.339306962,-0.28747295,0.135516389,-0.30030773,-0.21475189,-0.046434543,0.166385435,-0.006764702,-0.446387475,-0.417963426,-0.44088273,-0.429657759,-0.522583753,-0.430094032,-0.15519378,-0.368517416,-0.384629385,-0.283029865,-0.140980801,-0.287762087,-0.491494069,-0.508434557,-0.521522553,-0.485926524,-0.51582174,-0.185545313,-0.227055131,-0.512179776,-0.444988607,-0.350217237,-0.296620901,-0.411369591,-0.348554489,-0.394943278,-0.320498649,-0.280090929,-0.347782565,-0.305579431,-0.364350348,-0.421634276,-0.3832448,-0.340842399,-0.459882706,-0.392206789
GO_HISTONE_H2A_ACETYLATION,-0.422646723,0.193031503,-0.080438932,-0.703923606,-0.29939064,-0.196186283,0.522588306,0.054617293,-0.029620438,0.482386642,0.469483317,0.604427767,-0.346104098,0.163967109,-0.038562688,-0.592959656,-0.290806906,-0.294317714,0.516428801,-0.192703787,-0.186710488,0.535539136,0.49720329,0.571866774,-0.122478869,0.200282667,-0.141227976,-0.665185421,-0.010050147,-0.332374128,0.538286235,-0.010992656,0.099243641,0.531078526,0.440559224,0.61276885,0.030455228,0.231846866,0.107020217,-0.400002583,0.066814891,-0.344545687,0.441461455,-0.152863955,-0.144104188,0.406509773,0.225923108,0.43950954,-0.326550322,-0.113039325,0.070879884,-0.171853589,-0.384439336,-0.486847975,-0.331953121,0.132830793,-0.144617,0.232034509,-0.246198787,-0.255276897,-0.514708498,-0.477557252,-0.501230389,-0.598086608,-0.403626977,-0.268829586,-0.504190315,-0.614704497,-0.626018518,-0.519202754,-0.65257097,-0.488713538,0.001515478,-0.055278725,0.434985183,0.270755981,-0.043400313,-0.210166931,-0.437288472,-0.426405187,-0.323509481,-0.181915315,-0.632540482,-0.1774129
HALLMARK_UNFOLDED_PROTEIN_RESPONSE,-0.315354339,-0.108017457,-0.252528084,-0.459618992,-0.453494218,-0.465154281,0.229970203,0.312665586,0.193281791,0.430784892,0.376328731,0.414924139,-0.450540077,-0.406155736,-0.407475734,-0.532895417,-0.56892379,-0.481217004,-0.154450314,-0.143543093,-0.190830363,0.124367275,0.098840393,0.201486808,-0.302939592,-0.192632681,-0.284046954,-0.374371175,-0.417555871,-0.448580638,0.163148374,0.211946359,0.146452176,0.411077291,0.324783123,0.407754079,0.154995978,0.074328266,-0.042708787,-0.148307196,-0.26780885,-0.458378643,0.07503228,0.295752748,0.400230449,0.423871799,0.448007869,0.483558969,0.022241448,0.144303105,0.022723433,0.111775386,-0.316395483,-0.463469223,-0.26823066,0.432837241,0.337180975,0.392070062,0.198126577,0.367881899,-0.356539123,-0.382022355,-0.320298697,-0.27035449,-0.509740238,-0.462320401,-0.461514083,-0.290137352,-0.232179062,-0.080942667,-0.27600649,-0.142382636,0.155496087,0.083534489,0.19623226,0.109411187,-0.188986896,-0.363696051,-0.34161541,0.102295109,0.110587134,0.24510895,-0.050651407,0.264650127
KEGG_PROTEASOME,-0.676165314,-0.353427145,-0.39289846,-0.670440647,-0.626463262,-0.485746821,0.451185557,0.447470152,-0.259046369,0.479142642,0.4982668,0.616519526,-0.77962235,-0.566776224,-0.565917182,-0.866572118,-0.736274013,-0.555808722,0.038778177,-0.347166419,-0.399192789,0.160527114,-0.255614463,0.051091684,-0.423116178,-0.205143283,-0.336232545,-0.306663607,-0.258352736,-0.423383269,0.471484254,0.513071797,0.091237976,0.526738037,0.52120388,0.699471617,-0.182067223,-0.058623347,-0.187099167,-0.143685293,-0.427045964,-0.408539053,0.486537496,0.502997482,0.444535565,0.638940603,0.46251132,0.628062824,0.200869727,0.545338744,0.227272426,0.248063044,-0.01336903,-0.160357942,0.225372758,0.750846476,0.649453677,0.60651925,0.58168304,0.782894573,-0.688754617,-0.556420844,-0.484812673,-0.542198247,-0.651350617,-0.461778045,-0.405447678,-0.254540788,-0.418677428,-0.144489437,-0.426378814,-0.075970264,-0.374063838,-0.230986785,-0.174987785,0.025300441,-0.40079456,-0.465829903,-0.367903695,-0.100469633,-0.195547408,-0.081975223,-0.447898128,0.167579594
KEGG_GLYCOLYSIS_GLUCONEOGENESIS,-0.37375307,-0.293609021,-0.286541332,-0.079538315,-0.403581982,-0.355832465,-0.078967238,0.459076329,-0.183054479,0.25073392,0.116128708,0.32312104,-0.593652641,-0.476741871,-0.355221659,-0.391217201,-0.445146288,-0.430394777,-0.438792938,-0.187702134,-0.346538411,-0.19400291,-0.413481067,-0.231432349,-0.355415404,-0.249641759,-0.250467933,0.01070828,-0.403939099,-0.503697319,-0.049015165,0.38619435,0.083146432,0.279891808,-0.012027375,0.364742322,-0.093385189,-0.141093332,0.010023107,0.308557331,-0.247827965,-0.482281136,-0.074137263,0.508764292,0.291952705,0.398310801,-0.095224472,0.3847384,0.285519361,0.342360806,0.363010001,0.481198609,0.282563747,-0.378003845,0.011310234,0.679816381,0.601919678,0.523679943,0.418304375,0.62781788,-0.411642791,-0.331785157,-0.176307564,0.005953041,-0.349706509,-0.342264178,-0.435619616,-0.011634372,-0.158227358,-0.11660994,-0.372003672,0.030548146,-0.008806966,-0.01315397,0.128235762,0.189079353,-0.015971087,-0.243104627,-0.444792148,0.243339918,0.045069613,0.044405885,-0.322278002,0.119044118
KEGG_FATTY_ACID_METABOLISM,-0.243884868,-0.110101668,-0.137729667,-0.342185194,-0.200148644,-0.091737779,0.117005172,0.149026941,-0.216575623,0.216337137,-0.090095904,0.143517808,-0.480482623,-0.414505413,-0.224515028,-0.438429972,-0.288334927,-0.250444557,-0.301342212,-0.403447961,-0.369806813,-0.258079125,-0.421189235,-0.266153234,-0.067663254,-0.144960796,-0.101484269,-0.063570806,-0.086232972,-0.115652436,0.165057892,0.284163185,-0.069980304,0.275336686,0.080275804,0.238351925,0.152156298,-0.032452663,0.013275771,-0.095848719,-0.037240506,-0.23899555,0.171306592,0.158869561,-0.014160911,0.238832299,-0.206930213,0.189635742,0.409644037,0.433799651,0.315484446,0.375873106,0.357834716,0.006582639,0.028261204,0.613476184,0.446283817,0.435061125,0.339895349,0.526883991,-0.181144345,-0.100662138,-0.158644803,-0.229905057,-0.084741314,-0.162952103,-0.462914268,-0.144549929,-0.236024648,-0.128254408,-0.321853903,-0.134176169,0.23016555,0.111378088,0.167170327,0.128519466,0.163034962,0.057506819,-0.423491382,-0.080752769,-0.183691017,-0.14560438,-0.442797537,-0.051212423
REACTOME_ANTIGEN_PROCESSING_CROSS_PRESENTATION,-0.519793345,-0.243011491,-0.283839431,-0.440646974,-0.438781423,-0.254140478,0.251031387,0.254850881,-0.216742759,0.169554917,0.099911403,0.239136571,-0.586199195,-0.43227966,-0.387870442,-0.607166218,-0.551669505,-0.28854914,-0.114674182,-0.209956741,-0.315986597,-0.163333215,-0.333321171,-0.192555526,-0.353415325,-0.170813926,-0.170231691,-0.033006762,-0.215411432,-0.247755533,0.251239211,0.363910429,0.032536666,0.279711127,0.189007913,0.296691622,-0.156276613,0.062162013,-0.05284131,0.202234287,-0.216783434,-0.168836579,0.245215979,0.355275222,0.233847917,0.338251503,0.07832465,0.264503135,0.274864431,0.423780603,0.319219715,0.362110562,0.188242431,-0.110900924,0.143761554,0.601020553,0.513067882,0.381790379,0.262399186,0.53056088,-0.468388716,-0.326406355,-0.291673508,-0.052405727,-0.395801918,-0.199661381,-0.365512507,-0.02428695,-0.25180208,-0.255246365,-0.459841906,-0.203113543,-0.252774285,0.048129306,-0.059403663,0.232082084,-0.150856384,-0.20091611,-0.18780602,0.168501353,-0.013293996,0.008671021,-0.342420655,0.064423296
GO_MHC_CLASS_I_PROTEIN_COMPLEX,-0.306046645,-0.12699024,-0.250955074,0.791141898,-0.139946214,0.695317792,-0.711558066,0.20259744,-0.573463309,-0.673340515,-0.927937619,-0.656576147,0.144191915,0.018782186,-0.530535562,0.57871219,-0.174424942,0.748207302,-0.568456315,0.019984819,-0.40006291,-0.58376895,-0.84092115,-0.687653937,0.094345817,0.436025773,-0.149894312,0.752453915,0.422993885,0.80297863,-0.519313874,0.198239287,-0.00283809,-0.604855782,-0.907842871,-0.574334516,-0.013383828,0.183800308,0.023756571,0.957295094,0.207085916,0.674630694,-0.531184937,0.438586409,-0.398154552,-0.509109349,-0.806096064,-0.668724842,0.606609902,0.570480302,0.279939138,0.994357014,0.510881515,0.699025976,0.298253901,0.503169006,0.591884272,-0.470486438,-0.32789287,-0.009056272,-0.13969593,0.268975562,-0.244485695,0.737860147,0.262986441,0.643894125,-0.212427223,0.360074465,-0.312928126,-0.557335715,-0.598471765,-0.55379579,-0.245591878,0.013762251,-0.141685697,0.783182453,0.01815856,0.689738852,-0.317334066,0.404877159,0.131272831,-0.438251047,-0.854673861,-0.489237663
REACTOME_SMOOTH_MUSCLE_CONTRACTION,-0.364556132,-0.290426398,0.181655148,0.169699859,-0.052591935,-0.376690395,-0.316564337,-0.240212133,-0.197376604,-0.128740403,0.048576388,-0.212003134,-0.390571053,-0.342810409,-0.087263514,-0.250415963,-0.356542189,-0.381510227,-0.413724134,-0.142745294,-0.431892345,-0.305156337,-0.056671806,-0.258804714,-0.26222234,-0.340890386,-0.121830948,0.094771575,-0.091151041,-0.396357998,-0.254350789,-0.04227553,-0.072695362,-0.087559461,-0.004300286,-0.169873534,-0.184495484,-0.311970076,0.114678588,0.494695311,-0.143740898,-0.374359606,-0.278408409,-0.197000195,-0.024789722,-0.10839662,0.087403079,-0.11637595,0.032102698,-0.005435928,0.438541135,0.545319475,0.156059376,-0.357053333,-0.156618145,0.381794976,0.249743112,0.088407446,0.26911309,0.454265668,-0.178026698,-0.329421199,0.110486039,0.47874345,-0.090317497,-0.222931032,-0.375972381,-0.122208543,-0.097201222,-0.124481239,-0.166898661,-0.251595809,0.030827902,-0.058596473,0.267057212,0.417285284,0.089850962,-0.151044271,-0.02127239,0.241744081,0.321091367,0.13435094,0.396336549,0.448803075
GO_INFLAMMATORY_RESPONSE_TO_WOUNDING,-0.008647354,0.537015604,0.063004813,0.163602639,-0.591229958,-0.228934605,-0.271182684,-0.256934197,-0.100706279,-0.121656269,-0.312029393,-0.267627248,-0.003237679,0.291578217,0.120825764,-0.423440874,-0.619585704,-0.206032679,-0.364399927,-0.39793102,-0.382884312,-0.239984738,-0.599721803,-0.457930348,0.182746446,0.508417634,0.173646754,-0.073466286,-0.265620932,-0.314547278,-0.265939853,-0.119006384,-0.007189789,-0.338635992,-0.415646391,-0.38059734,0.118642862,0.58305863,0.202713834,0.100792656,-0.438074329,-0.046911992,-0.092796601,0.051190472,0.228241544,-0.070018833,-0.276162549,-0.169733045,0.530174752,0.676113638,0.46082028,0.076946345,0.143304285,-0.352786264,0.001420488,0.508607601,0.366309045,0.119052851,-0.04894218,-0.04437027,0.218569708,0.52278641,0.402594948,0.177257324,-0.270317233,-0.022777887,-0.272732618,-0.103721642,-0.084484645,-0.220352534,-0.445683231,-0.368729305,0.125130849,0.520312304,0.32094653,-0.439127335,-0.422218859,-0.292172948,-0.106174324,0.017961612,0.173725293,0.026171525,-0.248806057,-0.255698025
GO_REGULATION_OF_MESENCHYMAL_TO_EPITHELIAL_TRANSITION_INVOLVED_IN_METANEPHROS_MORPHOGENESIS,0.287310155,0.153066145,0.391429758,0.743074008,0.356833043,0.50264164,-0.315593216,0.273448403,0.015541728,-0.237671008,0.225885189,0.080837016,0.401957217,0.337200935,0.310805445,0.743638206,0.378272463,0.575140493,-0.393856102,0.247259395,-0.206128695,-0.235311025,-0.241094354,-0.310433957,0.020393952,-0.185436503,0.307933217,0.570081226,0.140072185,0.35662778,-0.228243734,-0.018660048,-0.212678416,-0.109088188,-0.377835815,-0.257760854,-0.08289956,-0.194524612,-0.03189303,0.509476834,-0.223828259,0.530863198,-0.083406287,0.115402942,-0.321163188,-0.148000157,-0.055657616,-0.473279339,0.073688519,-0.145486472,-0.155664348,0.355070472,0.180318928,0.461320035,-0.068909567,0.212544387,-0.3689251,-0.197405532,-0.264271483,-0.113987755,0.318482151,0.444886526,0.429340554,0.568632324,0.325756405,0.470258451,0.070010295,0.149550736,-0.076617831,-0.125284208,0.074035048,-0.008555533,-0.257759671,-0.02024986,-0.269186007,-0.039644546,-0.029635243,0.230636659,0.170833918,0.377344396,0.103500427,-0.175630217,-0.101250603,0.173343908
GO_EMBRYONIC_SKELETAL_JOINT_MORPHOGENESIS,0.387713423,-0.408015679,0.168819817,-0.06904201,-0.074011564,0.177689882,0.158372779,-0.275948725,-0.302373333,-0.727282795,-0.28587576,-0.591473258,0.434090704,0.449559224,0.29114651,-0.136719836,0.244044393,0.470957474,0.381386158,0.018609766,-0.175826885,-0.427819212,-0.288101601,-0.422107937,0.430927425,0.015879352,0.375481037,-0.228392806,-0.072783395,0.333092067,-0.044700035,0.291666073,-0.034940521,-0.387543139,-0.377330592,-0.405883094,0.154710571,-0.28969757,0.037976655,-0.531004396,-0.368585404,0.269260922,0.226641458,-0.009118312,-0.326409338,-0.426172563,-0.346186348,-0.606355954,0.347244153,-0.067819305,0.099267284,-0.400228736,0.353796175,0.437934785,0.444439137,0.099030952,-0.039581376,-0.572567646,-0.146938848,-0.326918845,0.595729437,0.492540585,0.635427883,-0.143796496,0.336826531,0.520371521,0.644871503,0.475520817,0.184760203,-0.010765055,0.579369946,0.027558691,0.158366365,-0.061344808,-0.067415351,-0.428665424,-0.350651889,0.041759751,0.342782958,0.23580767,-0.338676087,-0.379585723,-0.377251484,-0.640552306
GO_ADHERENS_JUNCTION_ASSEMBLY,-0.308858574,-0.045592343,-0.395686697,-0.674353036,0.153866911,0.181533058,-0.064407367,-0.441480804,-0.324696053,0.050001548,0.180260334,0.02663814,-0.509999272,-0.333686539,-0.398214601,-0.50983493,-0.339464882,0.034133134,-0.165431978,-0.467563744,-0.48969997,-0.435455883,0.165849856,-0.096930963,-0.423527896,-0.439092616,-0.547457943,-0.544484188,-0.251424453,-0.300582758,-0.062447351,-0.53073623,-0.675266708,-0.126040321,-0.269243535,-0.234488717,0.31450923,0.155197529,0.143633394,0.161611017,0.368459213,-0.001596366,-0.353189106,-0.329262818,0.083711209,0.206110594,-0.32920626,0.135514019,-0.44280604,-0.177911064,-0.161075003,0.567045827,0.07188033,-0.597429793,-0.774696302,-0.423430891,-0.500619519,-0.417566476,-0.719693603,-0.596126089,0.489221574,-0.095267264,0.194655099,0.445264367,0.423939795,0.440921442,-0.48006908,-0.380871453,-0.277626041,-0.166621683,-0.369322192,-0.336505834,0.455014861,0.457214122,0.470032555,0.640493638,0.615474767,0.510563136,-0.417522406,0.375535621,0.380234085,0.433777958,-0.138689057,0.218172511
GO_EXTRACELLULAR_MATRIX_STRUCTURAL_CONSTITUENT,-1.58E-05,-0.020056629,0.196352138,0.369654576,0.123923481,-0.081174011,-0.466845005,-0.199300686,-0.095688336,-0.432550747,-0.417888385,-0.451525365,0.085065207,-0.041635251,0.154361237,0.350133244,0.131995773,-0.043364972,-0.429669625,-0.090325589,-0.059686973,-0.409665971,-0.470964608,-0.462005278,-0.064513474,-0.072816174,0.158937298,0.416203137,0.017100493,-0.161440588,-0.457170895,-0.058989952,-0.18977645,-0.451195074,-0.493323633,-0.494899636,-0.037320305,-0.035944594,0.070318074,0.516405493,-0.055400137,-0.128322789,-0.378520104,-0.098321133,-0.064386353,-0.359545502,-0.336562368,-0.412369928,0.372845797,0.313102287,0.466163096,0.523713696,0.415040012,0.158796335,0.170695414,0.188550207,0.372613681,-0.125507788,0.087478929,0.177642811,0.221607662,0.184331948,0.42357476,0.542422487,0.282404511,0.062230604,-0.082566317,0.165625845,0.191340568,-0.129495481,-0.094637578,-0.188780955,-0.080888854,0.169924452,0.220927209,0.154924218,0.045228483,0.015624853,0.109472045,0.132480708,0.160159103,0.010446904,0.167098505,-0.057501214
REACTOME_COLLAGEN_FORMATION,-0.006457786,0.083758551,0.142800492,0.298813188,0.06412069,-0.066435359,-0.36234251,-0.179737904,-0.212851505,-0.384540898,-0.373933338,-0.273742781,-0.049184513,-0.084610353,0.146499114,0.152138934,-0.087347883,-0.158644885,-0.382387637,-0.280159323,-0.238022246,-0.395046758,-0.368720872,-0.378931932,-0.046748645,-0.085865226,0.017808536,0.199587161,-0.105869722,-0.335783416,-0.379797989,-0.130199673,-0.357734708,-0.416406494,-0.363245257,-0.396384492,0.070269759,0.032828926,0.150057041,0.488715737,-0.157006169,-0.021794267,-0.347524706,-0.090644153,-0.13624957,-0.320500171,-0.264296593,-0.26470026,0.314062116,0.319361287,0.48235312,0.461899262,0.36795914,-0.030354458,0.035203153,0.194390947,0.310669621,-0.101464366,0.038709883,0.183522671,0.182316499,0.137176273,0.452026945,0.465736583,0.126680653,0.055526045,-0.247489004,-0.021373307,-0.117007213,-0.235790557,-0.243011182,-0.208112668,0.088531012,0.230523509,0.278241245,0.112095896,0.083084152,0.139350174,0.080427866,0.194634113,0.074031624,-0.013437511,0.223470454,0.024540749
GO_BONE_TRABECULA_FORMATION,0.29311825,0.398760626,0.392432641,0.215311439,-0.158228056,-0.206185478,-0.198589064,-0.09620214,-0.229705312,-0.297966079,-0.012945545,-0.2041167,0.183895427,0.184929676,0.435032132,-0.045351484,-0.485097849,0.059147927,-0.241322932,0.276597014,-0.004413098,-0.364616839,-0.359239289,-0.436336598,0.163236229,0.18686104,0.492311822,-0.093832632,-0.3330226,-0.032677956,-0.268224944,0.021107313,-0.183589733,-0.269643539,-0.295549175,-0.383821876,0.132343324,0.267671925,0.129887424,0.078699862,-0.532310446,-0.291814563,-0.100295546,-0.140103872,-0.169199889,-0.130732995,0.085413331,-0.222837582,0.562135787,0.586667196,0.474264685,0.119509517,0.099420529,0.049978711,0.275190641,0.184051288,0.229153127,0.205145927,0.213379859,0.249580302,0.406289847,0.497815949,0.646868799,0.219984083,-0.279280833,-0.074218036,-0.118642022,0.343026508,0.075930531,-0.046294645,0.102707131,0.046923912,-0.186967792,0.354036248,0.014880783,-0.301814504,-0.548177533,-0.349672108,0.39851971,0.030448724,0.066850387,0.15112401,0.147472016,0.165554782
GO_CHONDROCYTE_DEVELOPMENT,0.096590533,0.05878283,0.153659694,0.070080912,0.127029664,-0.055615132,-0.301200109,-0.434077942,-0.284357984,-0.259781466,-0.273518004,-0.322352454,0.154250759,0.205536444,0.105244967,0.238724622,0.274858953,-0.062035003,-0.351150176,-0.264147437,0.060317136,-0.152652197,-0.289719417,-0.326711154,0.105431848,0.084672693,0.039135348,0.123521504,0.127141865,-0.034883259,-0.242151062,-0.386462715,-0.276840369,-0.344977712,-0.257706075,-0.350859757,0.13906528,0.225240686,0.296994595,0.39873362,0.113340419,0.152816303,-0.223981225,-0.38202704,-0.121276656,-0.364215996,-0.17461007,-0.344218915,0.27681488,0.353332842,0.326730248,0.253988261,0.250913786,0.243262649,0.016263374,-0.217651558,0.020788563,-0.157063147,-0.165517638,-0.13845857,0.154588841,0.210943422,0.435959227,0.269319053,0.295165236,0.156894915,-0.034791515,-0.11296213,-0.03397792,-0.355308995,-0.036638909,-0.249251493,0.085953757,0.207511253,0.264742667,0.049046602,0.194786156,0.069294541,-0.168125498,-0.357316329,-0.090741835,-0.117216681,-0.01714292,-0.274502285
HALLMARK_ANGIOGENESIS,-0.145744614,0.107152261,0.29237623,0.296272593,-0.283533158,-0.335928518,-0.37754613,0.13818432,-0.207151081,-0.370924912,-0.472092092,-0.413570159,-0.148663974,0.145064463,0.257228229,-0.026180972,-0.419836895,-0.22401507,-0.283212004,0.088151929,-0.082150627,-0.362438038,-0.551645833,-0.413599844,-0.191062392,0.261280093,0.162515094,0.268727286,-0.396048524,-0.346478905,-0.165698188,0.113853629,-0.165041978,-0.430785334,-0.527141526,-0.523004602,-0.160891364,0.191661513,0.322601717,0.199139314,-0.424810704,-0.308147059,-0.282198044,0.057732727,0.037252086,-0.291435639,-0.448066174,-0.396323968,0.341916502,0.442376573,0.568013323,0.258034596,-0.014659119,0.005870232,0.125902709,0.417579565,0.218098166,-0.00343993,-0.182031578,0.000264284,0.165560158,0.389608193,0.532320155,0.340928807,-0.152519377,-0.063529389,0.054409461,0.205682028,0.061126643,-0.12892816,-0.215514972,-0.251406292,-0.098230269,0.45292176,0.416431977,0.113516377,-0.265678942,-0.155880621,0.170186312,0.253258968,0.159935899,0.094331071,0.050616094,-0.1862607
HALLMARK_MYOGENESIS,-0.017103394,-0.015623005,0.132651143,0.216107238,0.14153753,0.015693028,-0.354236375,-0.244790423,-0.235512249,-0.36012454,-0.336678161,-0.302430952,-0.071239224,-0.092165209,0.092335444,0.056022023,-0.00730448,-0.145625303,-0.325719885,-0.157800467,-0.275271818,-0.455992956,-0.354150634,-0.3334373,-0.145360722,-0.186145361,-0.089766853,0.235384422,-0.008254307,-0.152159997,-0.366710525,-0.302737152,-0.344030917,-0.475172733,-0.41156205,-0.392216283,0.025204093,-0.032850895,0.108980337,0.503303309,0.076558926,0.003423461,-0.271906051,-0.142948234,-0.118138959,-0.338673693,-0.303828994,-0.224085784,0.236763125,0.220245332,0.340879332,0.459490539,0.357977744,0.05318318,0.042174773,0.135383133,0.102157882,-0.203318786,-0.07896611,0.160678273,0.157425593,0.064415771,0.276778639,0.467419687,0.194214549,0.012441559,-0.137206915,0.036768239,-0.037036725,-0.151881016,-0.161681238,-0.171207576,0.075123866,0.224739921,0.261231415,0.338889573,0.228615293,0.200856502,0.088930659,0.184853503,0.14229999,-0.035783743,0.163985116,0.109138869
GO_CHRONIC_INFLAMMATORY_RESPONSE,-0.19154649,-0.299653899,-0.159190109,0.676884388,0.39260671,0.465649821,-0.618129921,-0.119328246,-0.20595266,-0.46798629,-0.39366014,-0.483900732,0.214136973,-0.032620392,0.068424369,0.692331988,0.483370873,0.255872012,-0.537869005,-0.126904664,0.142937374,-0.273467957,-0.418479702,-0.416148275,0.156694846,-0.145102015,0.135572113,0.77703061,0.343118639,0.473530574,-0.531064833,-0.013619237,-0.182350552,-0.402028037,-0.43296842,-0.388047378,-0.247740481,-0.138770553,-0.234657068,0.644141277,0.305500024,0.431099908,-0.548476038,0.001216151,-0.21103861,-0.193691101,-0.245617443,-0.252988844,0.204816302,-0.045721521,-0.20332069,0.674821715,0.272520497,0.477247061,0.245060548,0.201398432,0.124554174,0.133755397,0.148235291,0.344016532,0.080325245,0.017996376,0.001246627,0.702181029,0.4463665,0.465417308,0.014247604,0.391319538,0.277561815,0.016800936,0.210745013,0.110151835,-0.438649883,-0.144814703,-0.377450551,0.258084705,0.17631305,0.372127237,-0.036739601,0.122857966,-0.059317281,0.0041851,0.051804899,0.037063016
GO_PLATELET_DERIVED_GROWTH_FACTOR_RECEPTOR_BETA_SIGNALING_PATHWAY,-0.2572529,-0.108032982,-0.055383632,-0.0198368,0.054987922,0.032543817,-0.161101617,-0.081681333,-0.220734206,-0.342202177,-0.213894451,-0.236573782,-0.16169619,-0.071125934,-0.083381421,0.19090336,-0.196150653,-0.22431464,-0.298261144,-0.136918159,-0.127051143,-0.45063697,-0.297466316,-0.097430605,-0.285629659,-0.380858426,-0.046704104,0.15570798,0.074298473,-0.30884122,0.07144269,-0.278872933,-0.222041476,-0.392731053,-0.243868557,-0.259236002,-0.056717895,0.108810109,0.218057565,0.583949012,0.291774443,0.170529124,0.154334826,-0.021710358,0.029723293,-0.283667663,-0.326527469,-0.108012257,-0.214631345,0.039944089,0.228573069,0.584724688,0.284482487,-0.138174479,-0.186699668,0.128348942,-0.198066829,-0.196420617,-0.425278889,-0.297979932,0.029814599,-0.054050733,0.325632631,0.534892749,0.346494614,0.144311809,-0.118611675,-0.104720665,-0.279109615,-0.444192575,-0.327026575,-0.253758079,-0.098771069,0.237727725,0.237838367,0.444516968,0.330179796,0.363910601,0.101749384,0.304304702,0.268725961,-0.006980731,-0.05717436,0.012941695
GO_HISTONE_H3_K27_DEMETHYLATION,-0.447272725,0.190513887,0.386227692,0.126727579,-0.204120305,-0.735769859,-0.5984457,-0.358728045,-0.439546209,-0.645039134,-0.742060162,-0.796314555,-0.005459109,0.562750193,0.46657112,0.260149473,0.356324165,-0.189479659,-0.685115167,0.328617541,-0.134827467,-0.35611647,-0.593068323,-0.521001218,-0.309696457,0.565564145,0.316602179,0.168019804,-0.133909741,0.424765814,-0.507615592,-0.532572946,-0.488920986,-0.175431597,-0.663241404,-0.512332997,0.347378815,0.276947283,0.250989615,0.744593249,0.53108174,0.223482677,-0.543009077,-0.747265346,-0.235653825,-0.047174353,-0.700710966,-0.429522488,0.015653239,0.389793423,0.510379335,0.633128116,0.538131253,0.239140983,-0.294789707,-0.312275475,-0.44929986,-0.238669412,-0.576856901,-0.582247601,0.32946136,0.644771956,0.823380624,0.742990752,0.409600848,0.468336858,-0.43087259,-0.358521381,-0.34296982,-0.199636084,-0.592969976,-0.50391621,0.041872389,0.378701617,0.382149577,0.630832192,0.548269065,0.468800581,-0.271271678,-0.126823997,-0.039758957,0.206226637,-0.586523393,-0.067846588
GO_HISTONE_H3_K36_DEMETHYLATION,-0.460847244,-0.322757852,-0.37457784,-0.543504394,-0.642616141,-0.481065963,-0.454537281,-0.272629516,-0.34267849,-0.216034947,0.200270525,-0.180836107,-0.421951531,-0.000416057,-0.007357421,-0.106832943,-0.106521716,-0.142824298,-0.0666746,0.219774826,-0.314987438,0.331642934,0.237833651,-0.002809644,-0.390809223,0.127253948,-0.137728828,-0.431750767,-0.579605794,-0.594650011,-0.202524841,-0.206844735,-0.220904775,0.20695104,-0.204430011,-0.104330167,0.275898176,0.611438418,0.451206352,0.496768992,0.490030769,0.235812142,-0.282092165,0.083900162,0.396636621,0.040991683,-0.209382971,-0.006926431,-0.190594688,0.198627305,0.52816451,0.452818723,0.351205099,-0.078076088,-0.634738276,-0.377263271,-0.396867528,-0.20363359,-0.643610517,-0.505510754,0.191021991,-0.221844136,0.514657543,0.681400996,-0.304976004,-0.140024589,-0.466465318,-0.359977498,-0.588103828,-0.236604747,-0.756209958,-0.751428783,0.273137235,0.595960739,0.473775888,0.739663184,0.429815291,0.359252844,-0.269536122,0.150771525,0.328887787,0.172357362,-0.204276445,0.366814931
